# repository	last-reviewed-head	notes
plugins/agentskills	38a2ff82958afee88dadf4831509e6f7e9d8ef4e	top-tier-source-intake
plugins/dockview	3a47321bf7b7d5e6b981a15f6a06c49adb2fdde5
plugins/hyperframes	1481fe1ed936ee2aac7220061f258155c274bfb8	snapshot-intake
plugins/markitdown	fd239d5d2be43d9b68329730206b9312c7d5a388
plugins/mem0	74f6dc6f0d60906c4babf762fc8d14b7169c196c	snapshot-intake
plugins/playwright-mcp	55679f5f3d4b4f3e2534ec0ce2fc5683ba2eaf3f	top-tier-source-intake
plugins/react-resizable-panels	a1eeb7aefdb024bb5879a323218e0ac05f77f28e
plugins/react-rnd	fec7303134ab0f0bbe83fdf975ddc15c340f7e5d
plugins/repomix	b921db74351fd9185897a641a8f39c0b82de7fcb
plugins/xyflow	360f5b13e2bc6899ea06b4be1a49b068d86926cf	fleet-reference-admission-v2
software/OpenHands	fe693b29b0f4a67c7fb77cde6ed2416c7df84715
software/browser-use	f0aa3a8bb03779c71a5aa262d389e3bfe6b77cdc
software/codex	578c1b2230288104041e880a86d0f7f3a5ca6e47
software/craft-agents-oss	a60ebc1a5a7cb0a6af7a77d5eed0512c5fc07658
software/craft-agents-oss-v0.10.5	c9d9a26fbefa	product-interaction-baseline
software/flowgram.ai	5afd287a989ac71d5ae9625cc4e0e015744b23f1	snapshot-intake
software/hermes-agent	9ceac1896ea96cbedf911da4b682740a2d5d8321	snapshot-intake
software/mcp-registry	0b5cc0f6a9ba326d7982b4f03ea7da83bf7817a2	snapshot-intake
software/openclaw	668721bcfc249c16f07d697137ad34224ef5c7b9	snapshot-intake
software/opencode	8c38d260eb6555d2824230be100fb2a7eadd7513	mode-evidence-2026-07-27
software/opencut	4d8c49ed0706c4dc145361e01c6b1f1a87cbb863	top-tier-source-intake
software/opencut-classic	cf5e79e919144200294fb9fed22a222592a0aeea
software/penpot	fe85a5717e28e7c6f9362da10725a3ec885b673f	snapshot-intake
software/pi-mono	c13ffe1877c3a47ce9f2fc98d9880447d64a0e87	fleet-reference-admission-v2
software/tldraw	4a1256c85d99610da291e61039d7c1590c80fea0	snapshot-intake
