# Every file in app/ that differs from the upstream pin, and why.
#
# Enforced by scripts/check-upstream-delta.py. An undeclared difference fails; a declared entry
# that is no longer different also fails, so this file cannot quietly stop describing the tree.
#
# layer — which kind of change this is. The categories exist because the project's three restarts
#         all came from rewriting where re-skinning would have done:
#   L0  a fix to an upstream defect. Ideally also reported upstream.
#   L1  re-skin only: text, typography, icon, size, radius, shadow, gradient, motion, token,
#       className. Structure, props, exports and behaviour stay upstream's. If a diff in an L1 file
#       touches anything else, it is mislabelled.
#   L2  a deliberate product change, which must already be classified REUSE/EXTEND/NEW and must
#       name where any removed function now lives. A page or control that disappears with no
#       named destination is the failure mode this column exists to prevent.
#   LOC local-only state that is not product code (baselines, caches).
#
# MISSING: prefix means upstream ships the file and we do not. It needs a louder reason than an
# ordinary edit, because that is the shape that loses features silently.
#
path	layer	reason
config/file-size-baseline.txt	LOC	Ratchet baseline for scripts/check-file-size-ratchet.ts. Local measurement state, regenerated by the tool; carries no product behaviour.
scripts/typecheck-staged.sh	L0	Upstream v0.13.4's package.json declares "typecheck:staged": "bash scripts/typecheck-staged.sh" and ships no such file. Without it the pre-commit gate dies with "No such file or directory".
scripts/lint-i18n-staged.sh	L0	Same upstream defect: package.json declares "lint:i18n:staged" and ships no script.
scripts/lint-i18n-strings.sh	L0	Same upstream defect: package.json declares "lint:i18n:strings" and ships no script. Called by lint-i18n-staged.sh.
